progetto;in_corso;completato
1.1 Infrastrutture digitali;61.39240506329114;38.60759493670886
1.2 Abilitazione e facilitazione migrazione al Cloud;53.09965021954305;46.90034978045695
1.3.1 Piattaforma Digitale Nazionale Dati;34.37346437346437;65.62653562653563
1.4.1 Esperienza del cittadino nei servizi pubblici;32.94516509433962;67.05483490566037
1.4.3 Adozione PagoPA e AppIO - AppIO;33.82596893379581;66.17403106620418
1.4.3 Adozione PagoPA e AppIO - PagoPA;37.64810426540284;62.351895734597164
1.4.4 Adozione identità digitale - ANSC;100.0;0.0
1.4.4 Adozione identità digitale - SPID/CIE;27.137858642407274;72.86214135759272
1.4.5 Digitalizzazione degli avvisi pubblici;42.80172413793103;57.19827586206896
