progetto;in_corso;completato
1.1 Infrastrutture digitali;61.51419558359621;38.48580441640379
1.2 Abilitazione e facilitazione migrazione al Cloud;53.127556712532545;46.872443287467455
1.3.1 Piattaforma Digitale Nazionale Dati;32.60156447136008;67.39843552863992
1.4.1 Esperienza del cittadino nei servizi pubblici;32.94516509433962;67.05483490566037
1.4.3 Adozione PagoPA e AppIO - AppIO;33.55542095699576;66.44457904300424
1.4.3 Adozione PagoPA e AppIO - PagoPA;37.66656795972757;62.33343204027243
1.4.4 Adozione identità digitale - ANSC;100.0;0.0
1.4.4 Adozione identità digitale - SPID/CIE;27.137858642407274;72.86214135759272
1.4.5 Digitalizzazione degli avvisi pubblici;42.80172413793103;57.19827586206896
