tipologia_ente;progetto;in_corso;completato
Università;1.3.1 Piattaforma Digitale Nazionale Dati;30.434782608695656;69.56521739130434
Università;1.4.3 Adozione AppIO;45.23809523809524;54.761904761904766
Università;1.4.3 Adozione PagoPA;42.857142857142854;57.14285714285714
Università;1.4.4 Adozione identità digitale - SPID/CIE;29.166666666666668;70.83333333333333
