progetto;in_corso;completato
1.1 Infrastrutture digitali;61.75548589341693;38.24451410658307
1.2 Abilitazione e facilitazione migrazione al Cloud;53.14846479815627;46.85153520184373
1.3.1 Piattaforma Digitale Nazionale Dati;30.91943618259408;69.08056381740593
1.4.1 Esperienza del cittadino nei servizi pubblici;32.94750810970215;67.05249189029784
1.4.3 Adozione PagoPA e AppIO - AppIO;33.4647460197119;66.5352539802881
1.4.3 Adozione PagoPA e AppIO - PagoPA;37.66656795972757;62.33343204027243
1.4.4 Adozione identità digitale - ANSC;100.0;0.0
1.4.4 Adozione identità digitale - SPID/CIE;27.137858642407274;72.86214135759272
1.4.5 Digitalizzazione degli avvisi pubblici;42.8099411004166;57.1900588995834
