progetto;in_corso;completato
1.1 Infrastrutture digitali;61.146496815286625;38.853503184713375
1.2 Abilitazione e facilitazione migrazione al Cloud;53.19717786854808;46.80282213145192
1.3.1 Piattaforma Digitale Nazionale Dati;28.981653815474605;71.0183461845254
1.4.1 Esperienza del cittadino nei servizi pubblici;38.40766678953189;61.59233321046811
1.4.3 Adozione PagoPA e AppIO - AppIO;36.53349536685402;63.46650463314598
1.4.3 Adozione PagoPA e AppIO - PagoPA;40.1480384900074;59.85196150999259
1.4.4 Adozione identità digitale - ANSC;100.0;0.0
1.4.4 Adozione identità digitale - SPID/CIE;27.137858642407274;72.86214135759272
1.4.5 Digitalizzazione degli avvisi pubblici;46.927053417576104;53.072946582423896
