progetto;in_corso;completato
1.1 Infrastrutture digitali;61.75548589341693;38.24451410658307
1.2 Abilitazione e facilitazione migrazione al Cloud;53.18327018795037;46.81672981204963
1.3.1 Piattaforma Digitale Nazionale Dati;29.940983606557374;70.05901639344263
1.4.1 Esperienza del cittadino nei servizi pubblici;32.952451161076304;67.0475488389237
1.4.3 Adozione PagoPA e AppIO - AppIO;33.42436656046123;66.57563343953876
1.4.3 Adozione PagoPA e AppIO - PagoPA;37.67579570688379;62.3242042931162
1.4.4 Adozione identità digitale - ANSC;100.0;0.0
1.4.4 Adozione identità digitale - SPID/CIE;27.137858642407274;72.86214135759272
1.4.5 Digitalizzazione degli avvisi pubblici;42.826367944851356;57.17363205514865
