progetto;in_corso;completato
1.1 Infrastrutture digitali;61.51419558359621;38.48580441640379
1.2 Abilitazione e facilitazione migrazione al Cloud;53.13104268927562;46.86895731072438
1.3.1 Piattaforma Digitale Nazionale Dati;33.30003745785991;66.69996254214009
1.4.1 Esperienza del cittadino nei servizi pubblici;32.94516509433962;67.05483490566037
1.4.3 Adozione PagoPA e AppIO - AppIO;33.63581367211131;66.36418632788869
1.4.3 Adozione PagoPA e AppIO - PagoPA;37.66656795972757;62.33343204027243
1.4.4 Adozione identità digitale - ANSC;100.0;0.0
1.4.4 Adozione identità digitale - SPID/CIE;27.137858642407274;72.86214135759272
1.4.5 Digitalizzazione degli avvisi pubblici;42.80172413793103;57.19827586206896
