progetto;in_corso;completato
1.1 Infrastrutture digitali;61.39240506329114;38.60759493670886
1.2 Abilitazione e facilitazione migrazione al Cloud;48.88442659526997;51.11557340473003
1.3.1 Piattaforma Digitale Nazionale Dati;34.59647439740976;65.40352560259024
1.4.1 Esperienza del cittadino nei servizi pubblici;29.068396226415093;70.93160377358491
1.4.3 Adozione PagoPA e AppIO - AppIO;33.925613612407766;66.07438638759223
1.4.3 Adozione PagoPA e AppIO - PagoPA;37.629629629629626;62.37037037037037
1.4.4 Adozione identità digitale - ANSC;100.0;0.0
1.4.4 Adozione identità digitale - SPID/CIE;27.137858642407274;72.86214135759272
1.4.5 Digitalizzazione degli avvisi pubblici;42.80172413793103;57.19827586206896
