progetto;in_corso;completato
1.1 Infrastrutture digitali;60.89743589743589;39.10256410256411
1.2 Abilitazione e facilitazione migrazione al Cloud;53.214550853749074;46.785449146250926
1.3.1 Piattaforma Digitale Nazionale Dati;28.372217752748725;71.62778224725128
1.4.1 Esperienza del cittadino nei servizi pubblici;38.40766678953189;61.59233321046811
1.4.3 Adozione PagoPA e AppIO - AppIO;36.52385293223944;63.47614706776056
1.4.3 Adozione PagoPA e AppIO - PagoPA;40.15689757252812;59.843102427471884
1.4.4 Adozione identità digitale - ANSC;100.0;0.0
1.4.4 Adozione identità digitale - SPID/CIE;27.148054855863418;72.85194514413658
1.4.5 Digitalizzazione degli avvisi pubblici;46.934673366834176;53.06532663316583
