progetto;in_corso;completato
1.1 Infrastrutture digitali;61.39240506329114;38.60759493670886
1.2 Abilitazione e facilitazione migrazione al Cloud;48.850189774503235;51.149810225496765
1.3.1 Piattaforma Digitale Nazionale Dati;33.67384166362641;66.32615833637358
1.4.1 Esperienza del cittadino nei servizi pubblici;29.068396226415093;70.93160377358491
1.4.3 Adozione PagoPA e AppIO - AppIO;33.8459219056234;66.1540780943766
1.4.3 Adozione PagoPA e AppIO - PagoPA;37.63886831580507;62.36113168419492
1.4.4 Adozione identità digitale - ANSC;100.0;0.0
1.4.4 Adozione identità digitale - SPID/CIE;27.137858642407274;72.86214135759272
1.4.5 Digitalizzazione degli avvisi pubblici;42.80172413793103;57.19827586206896
